id,road1_a,road1_b,road2_a,road2_b,average_cars_passed
0,0.000000000000000,0.000000000000000,0.000000000000000,0.000000000000000,0.000000000000000,0.000000000000000,0.000000000000000
2,769.37275089759987168,378.84334539009432774,611.75869107793960211,488.75393601542054967,757.23953440656873681,-659.13205112290188481,8.00000000000000000
